horizon,feature,importance_score
1h,app_temp,116396.5180866753
1h,azimuth,66.7700677064628
1h,clouds,406.7482220104148
1h,dewpt,67494.99999397695
1h,dhi,5528.35381723222
1h,dni,5104.913591378676
1h,elev_angle,7354.447888430933
1h,ghi,6724.682507661305
1h,precip,85.56701187651954
1h,pres,825.3787066704589
1h,rh,6540.582124747413
1h,slp,1773.0403235272604
1h,snow,237.17540256975315
1h,solar_rad,5218.757346971997
1h,temp,98154.08928334342
1h,uv,6162.295346748187
1h,vis,306.14620373802205
1h,wind_dir,94.68303343434233
1h,wind_gust_spd,8.601612472994173
1h,wind_spd,153.1159888873969
1h,month,1983.9674530298084
1h,year,106.5269589952217
1h,hour,42.292625891464404
1h,day_of_week,1067.9850748976892
1h,season,16883.71664867621
1h,B1_B2_expected_supply_temp,114287.00787824985
1h,B1_B2_expected_return_temp,0.0
1h,B1_B2_expected_delta_T,114287.00787337821
1h,F1_Nord_expected_supply_temp,114287.00790541085
1h,F1_Nord_expected_return_temp,0.0
1h,F1_Nord_expected_delta_T,114287.00790671838
1h,F1_Sud_expected_supply_temp,114287.00787824985
1h,F1_Sud_expected_return_temp,0.0
1h,F1_Sud_expected_delta_T,114287.00787337763
1h,Maintal_expected_supply_temp,0.0
1h,Maintal_expected_return_temp,0.0
1h,Maintal_expected_delta_T,0.0
1h,N1_expected_supply_temp,114287.00793438255
1h,N1_expected_return_temp,0.0
1h,N1_expected_delta_T,114287.00793401097
1h,N2_expected_supply_temp,114287.00793780613
1h,N2_expected_return_temp,0.0
1h,N2_expected_delta_T,114287.00794038187
1h,V1_expected_supply_temp,114287.00790541085
1h,V1_expected_return_temp,0.0
1h,V1_expected_delta_T,114287.00790671838
1h,V2_expected_supply_temp,114287.00779328748
1h,V2_expected_return_temp,0.0
1h,V2_expected_delta_T,114287.00778191461
1h,V6_expected_supply_temp,114287.00794220807
1h,V6_expected_return_temp,0.0
1h,V6_expected_delta_T,114287.00794042255
1h,W1_expected_supply_temp,114287.00790541185
1h,W1_expected_return_temp,0.0
1h,W1_expected_delta_T,114287.00790671838
1h,ZN_expected_supply_temp,114287.00787824985
1h,ZN_expected_return_temp,0.0
1h,ZN_expected_delta_T,114287.00787337821
1h,hdd_18,159575.77539073434
1h,hdd_15_5,188887.81558743017
1h,temp_change,199.39957513129602
1h,is_daytime,306.02970641768184
1h,is_weekend,1252.1683940033836
1h,demand_lag_12h,116697.29876396229
1h,demand_lag_24h,131409.19645699073
1h,demand_lag_48h,65444.60885704197
1h,demand_lag_72h,53322.68661799497
1h,demand_lag_96h,46085.92601995566
1h,demand_lag_120h,41790.28330231794
1h,demand_lag_144h,47904.0825955871
1h,demand_lag_168h,56411.0121456496
1h,demand_lag_169h,50692.91691015107
1h,demand_lag_170h,44418.7801572056
1h,demand_lag_171h,38997.054298238676
1h,demand_lag_172h,35103.93679715485
1h,demand_mean_24h,222808.72830137776
1h,demand_std_24h,34847.095133397
1h,temp_mean_24h,91473.208906783
1h,temp_std_24h,9680.019427182644
1h,demand_mean_48h,149723.2162790181
1h,demand_std_48h,42153.39211665215
1h,temp_mean_48h,84116.97841710983
1h,temp_std_48h,10176.177790627737
1h,demand_mean_72h,120223.72948658165
1h,demand_std_72h,49181.334268524064
1h,temp_mean_72h,78035.35577403498
1h,temp_std_72h,9707.182793222793
1h,demand_mean_96h,105686.21449626525
1h,demand_std_96h,53273.228565986035
1h,temp_mean_96h,72767.52818224774
1h,temp_std_96h,8930.927478280835
1h,demand_mean_168h,92689.39932869966
1h,demand_std_168h,53025.87064228949
1h,temp_mean_168h,62496.3827271438
1h,temp_std_168h,6842.367134355798
1h,demand_mean_336h,75309.28444839842
1h,demand_std_336h,49935.69507795497
1h,temp_mean_336h,54603.05186739209
1h,temp_std_336h,4565.420238429995
1h,demand_mean_504h,66955.27134089322
1h,demand_std_504h,45189.57442200957
1h,temp_mean_504h,50858.399701089664
1h,temp_std_504h,4784.277432189202
1h,demand_velocity_24h,2188.8871228833596
1h,demand_velocity_48h,4034.190416725148
1h,demand_velocity_72h,4746.863573791687
1h,demand_acceleration_72h,1279.6184901278727
1h,demand_jerk_72h,564.8083353434464
1h,temp_trend_48h,572.2042449544499
1h,demand_trend_48h,2545.8642261793257
1h,temp_trend_72h,1010.2328706652352
1h,demand_trend_72h,3028.3558370677165
1h,temp_trend_96h,1420.7653935949797
1h,demand_trend_96h,3099.662500605244
1h,temp_trend_168h,2108.4548714795123
1h,demand_trend_168h,1969.1072842291587
1h,hour_sin,104.0582870989778
1h,hour_cos,385.72273782382024
1h,dow_sin,841.3536362275843
1h,dow_cos,0.38694959887455366
1h,month_sin,7500.510309056532
1h,month_cos,30955.238288577202
1h,season_sin_1,1868.735192143529
1h,season_cos_1,52506.55089158582
1h,season_sin_2,664.8459225373186
1h,season_cos_2,1147.6266026241444
1h,season_sin_3,0.0004352394429033819
1h,season_cos_3,17.093675771198882
1h,week_sin_1,679.6220159344952
1h,week_cos_1,112.58501965562512
1h,week_sin_2,290.39358482204466
1h,week_cos_2,15.579792317419585
1h,week_sin_3,10.603821307470419
1h,week_cos_3,25.74837302212517
1h,week_sin_4,21.341112621436366
1h,week_cos_4,2.1520129259671443
1h,is_business_day,1252.1683940033865
1h,is_friday,18.526337504058436
1h,is_sunday,542.673676666675
1h,week_of_year,2174.598509950045
1h,day_of_month,92.74869889708101
1h,is_month_start,2.8104018325748026
1h,is_month_middle,0.7625482533825266
1h,is_month_end,9.042833542900338
1h,temp_change_6h,807.4422443615864
1h,temp_change_24h,665.0697664751275
1h,temp_change_72h,1734.0671695717115
1h,hdd_trend_72h,1342.873743141627
1h,hdd_acceleration_72h,235.89322639640338
1h,V1_temp_trend_72h,1333.6657783780859
1h,V1_temp_volatility_72h,24130.541387838166
1h,V1_temp_momentum_48h,1308.9845019209324
1h,N1_temp_trend_72h,1333.6657785680854
1h,N1_temp_volatility_72h,24130.541388291815
1h,N1_temp_momentum_48h,1308.9845022278503
1h,B1_B2_temp_trend_72h,1333.6657784411186
1h,B1_B2_temp_volatility_72h,24130.54139590539
1h,B1_B2_temp_momentum_48h,1308.9845019561883
1h,W1_temp_trend_72h,1333.6657783780859
1h,W1_temp_volatility_72h,24130.541387838166
1h,W1_temp_momentum_48h,1308.9845019209324
1h,F1_Sud_temp_trend_72h,1333.6657784411186
1h,F1_Sud_temp_volatility_72h,24130.54139590539
1h,F1_Sud_temp_momentum_48h,1308.9845019561883
1h,temp_hdd_interaction,2447.619481963454
1h,weekend_seasonal,157.18291247871792
1h,month_dow_interaction,239.53601379334904
1h,temp_seasonal_interaction,12974.371837074432
1h,demand_volatility_24h,21334.706656214406
1h,temp_volatility_24h,9680.019427182644
1h,demand_volatility_72h,24297.529731130595
1h,temp_volatility_72h,9707.182793222793
1h,demand_volatility_168h,30541.410835527033
1h,temp_volatility_168h,6842.36713435579
6h,app_temp,67876.08283399872
6h,azimuth,21.368542000929214
6h,clouds,404.0869982610662
6h,dewpt,58410.021924150686
6h,dhi,3413.5758805927712
6h,dni,3051.4682422472274
6h,elev_angle,7656.436825194273
6h,ghi,4565.56357952595
6h,precip,72.26618267820062
6h,pres,704.9459215426305
6h,rh,3218.9221427834686
6h,slp,1499.1693963658379
6h,snow,267.01935831018335
6h,solar_rad,3709.6749140460106
6h,temp,59894.83532336537
6h,uv,4916.3285695772565
6h,vis,96.36624860235021
6h,wind_dir,29.907215329666784
6h,wind_gust_spd,33.30907532701196
6h,wind_spd,330.774265655334
6h,month,1968.4781665878138
6h,year,105.6739157977595
6h,hour,16.269813766831888
6h,day_of_week,801.3064701782677
6h,season,16727.353094952905
6h,B1_B2_expected_supply_temp,61731.47483198917
6h,B1_B2_expected_return_temp,0.0
6h,B1_B2_expected_delta_T,61731.474830172854
6h,F1_Nord_expected_supply_temp,61731.474841510135
6h,F1_Nord_expected_return_temp,0.0
6h,F1_Nord_expected_delta_T,61731.474842048425
6h,F1_Sud_expected_supply_temp,61731.47483198917
6h,F1_Sud_expected_return_temp,0.0
6h,F1_Sud_expected_delta_T,61731.47483017303
6h,Maintal_expected_supply_temp,0.0
6h,Maintal_expected_return_temp,0.0
6h,Maintal_expected_delta_T,0.0
6h,N1_expected_supply_temp,61731.4748519288
6h,N1_expected_return_temp,0.0
6h,N1_expected_delta_T,61731.474851801235
6h,N2_expected_supply_temp,61731.47485306831
6h,N2_expected_return_temp,0.0
6h,N2_expected_delta_T,61731.47485397755
6h,V1_expected_supply_temp,61731.474841510135
6h,V1_expected_return_temp,0.0
6h,V1_expected_delta_T,61731.474842048425
6h,V2_expected_supply_temp,61731.47480241529
6h,V2_expected_return_temp,0.0
6h,V2_expected_delta_T,61731.4747983639
6h,V6_expected_supply_temp,61731.474854638356
6h,V6_expected_return_temp,0.0
6h,V6_expected_delta_T,61731.4748539936
6h,W1_expected_supply_temp,61731.47484151095
6h,W1_expected_return_temp,0.0
6h,W1_expected_delta_T,61731.474842048425
6h,ZN_expected_supply_temp,61731.47483198917
6h,ZN_expected_return_temp,0.0
6h,ZN_expected_delta_T,61731.474830172854
6h,hdd_18,79125.35509761886
6h,hdd_15_5,85438.83962974763
6h,temp_change,444.0697261690847
6h,is_daytime,163.16806177840274
6h,is_weekend,807.4237863712492
6h,demand_lag_12h,76596.4310228071
6h,demand_lag_24h,56510.63546454088
6h,demand_lag_48h,38033.474248598686
6h,demand_lag_72h,32719.376129390486
6h,demand_lag_96h,29324.20083725648
6h,demand_lag_120h,28061.464965070485
6h,demand_lag_144h,31753.398862767135
6h,demand_lag_168h,32936.09092114917
6h,demand_lag_169h,32267.21034172682
6h,demand_lag_170h,32880.921011891645
6h,demand_lag_171h,34332.245727405745
6h,demand_lag_172h,36039.12199076451
6h,demand_mean_24h,165078.53546888012
6h,demand_std_24h,30205.489602116868
6h,temp_mean_24h,84099.12351484991
6h,temp_std_24h,9817.251463587841
6h,demand_mean_48h,121545.98170623356
6h,demand_std_48h,37995.278242769426
6h,temp_mean_48h,78303.0544062775
6h,temp_std_48h,10280.838124778053
6h,demand_mean_72h,103958.22502532115
6h,demand_std_72h,46637.00549408367
6h,temp_mean_72h,73241.40092387462
6h,temp_std_72h,9766.008045577792
6h,demand_mean_96h,94313.34211846489
6h,demand_std_96h,50805.05516515162
6h,temp_mean_96h,68792.53459673614
6h,temp_std_96h,8953.182805550667
6h,demand_mean_168h,87735.74758174736
6h,demand_std_168h,50703.15304959096
6h,temp_mean_168h,60094.51110498997
6h,temp_std_168h,6890.815548942793
6h,demand_mean_336h,73128.80958375805
6h,demand_std_336h,48805.30911136465
6h,temp_mean_336h,53419.765434078865
6h,temp_std_336h,4606.621022034886
6h,demand_mean_504h,65561.20420422062
6h,demand_std_504h,44346.7413078872
6h,temp_mean_504h,50058.16401977139
6h,temp_std_504h,4855.467492297977
6h,demand_velocity_24h,1644.2840905831195
6h,demand_velocity_48h,2678.2104815292696
6h,demand_velocity_72h,3174.382362759177
6h,demand_acceleration_72h,975.7956937601589
6h,demand_jerk_72h,521.4022219772772
6h,temp_trend_48h,99.16787603111449
6h,demand_trend_48h,1570.774210788469
6h,temp_trend_72h,493.7020447099919
6h,demand_trend_72h,2000.950082415123
6h,temp_trend_96h,907.6611326765002
6h,demand_trend_96h,2157.9849151285966
6h,temp_trend_168h,1623.5152738521797
6h,demand_trend_168h,1234.8378604694658
6h,hour_sin,265.5225944643328
6h,hour_cos,223.18477083949463
6h,dow_sin,692.1150329046258
6h,dow_cos,35.90061692479854
6h,month_sin,7402.258820729693
6h,month_cos,31226.295209439948
6h,season_sin_1,1825.5383759359715
6h,season_cos_1,52854.29164237517
6h,season_sin_2,659.7938449506619
6h,season_cos_2,1158.6782133646632
6h,season_sin_3,0.00816297058827728
6h,season_cos_3,17.151685796778086
6h,week_sin_1,763.4597076777941
6h,week_cos_1,31.410924063829032
6h,week_sin_2,207.37030222685758
6h,week_cos_2,97.78963884487334
6h,week_sin_3,0.0035659038631064193
6h,week_cos_3,36.36959856394508
6h,week_sin_4,19.20946677893848
6h,week_cos_4,4.267034791007206
6h,is_business_day,807.4237863712524
6h,is_friday,3.786240782003991
6h,is_sunday,199.94897440534575
6h,week_of_year,2151.473269923617
6h,day_of_month,90.87761905821698
6h,is_month_start,3.2766531575845934
6h,is_month_middle,1.6290747591096655
6h,is_month_end,7.495639113838296
6h,temp_change_6h,291.6760970462906
6h,temp_change_24h,484.6529087306228
6h,temp_change_72h,1341.4426381135133
6h,hdd_trend_72h,690.2264312840288
6h,hdd_acceleration_72h,153.23297282950546
6h,V1_temp_trend_72h,841.594021366819
6h,V1_temp_volatility_72h,23003.74494066964
6h,V1_temp_momentum_48h,1023.0806846622688
6h,N1_temp_trend_72h,841.5940214618868
6h,N1_temp_volatility_72h,23003.744941185345
6h,N1_temp_momentum_48h,1023.0806848942209
6h,B1_B2_temp_trend_72h,841.5940214507857
6h,B1_B2_temp_volatility_72h,23003.7449482176
6h,B1_B2_temp_momentum_48h,1023.0806847292889
6h,W1_temp_trend_72h,841.5940213668194
6h,W1_temp_volatility_72h,23003.744940669665
6h,W1_temp_momentum_48h,1023.0806846622688
6h,F1_Sud_temp_trend_72h,841.5940214507857
6h,F1_Sud_temp_volatility_72h,23003.7449482176
6h,F1_Sud_temp_momentum_48h,1023.0806847292889
6h,temp_hdd_interaction,1878.4832135067131
6h,weekend_seasonal,211.47175722156607
6h,month_dow_interaction,186.99702143573765
6h,temp_seasonal_interaction,13609.90203764173
6h,demand_volatility_24h,21935.8511970868
6h,temp_volatility_24h,9817.251463587841
6h,demand_volatility_72h,23684.401029121396
6h,temp_volatility_72h,9766.008045577792
6h,demand_volatility_168h,30384.349183336606
6h,temp_volatility_168h,6890.815548942767
24h,app_temp,78276.67216571655
24h,azimuth,29.88210053227782
24h,clouds,603.3706246742485
24h,dewpt,48398.09115154537
24h,dhi,4464.988133900325
24h,dni,4053.494136856843
24h,elev_angle,6767.960035877354
24h,ghi,5802.852139389846
24h,precip,35.72268962148319
24h,pres,349.91653220973745
24h,rh,6125.878516064258
24h,slp,971.2279260427468
24h,snow,222.56345929054297
24h,solar_rad,4432.6924726735415
24h,temp,69021.66969175305
24h,uv,5433.745251150829
24h,vis,162.37201144643512
24h,wind_dir,32.32648660152871
24h,wind_gust_spd,93.38665523972149
24h,wind_spd,542.3354922882877
24h,month,1885.6033181732887
24h,year,104.81047677299301
24h,hour,10.376467272273398
24h,day_of_week,236.06900986599533
24h,season,15902.776600725976
24h,B1_B2_expected_supply_temp,66225.78372600331
24h,B1_B2_expected_return_temp,0.0
24h,B1_B2_expected_delta_T,66225.78372420264
24h,F1_Nord_expected_supply_temp,66225.78373894647
24h,F1_Nord_expected_return_temp,0.0
24h,F1_Nord_expected_delta_T,66225.78373869002
24h,F1_Sud_expected_supply_temp,66225.78372600331
24h,F1_Sud_expected_return_temp,0.0
24h,F1_Sud_expected_delta_T,66225.78372420269
24h,Maintal_expected_supply_temp,0.0
24h,Maintal_expected_return_temp,0.0
24h,Maintal_expected_delta_T,0.0
24h,N1_expected_supply_temp,66225.78375053742
24h,N1_expected_return_temp,0.0
24h,N1_expected_delta_T,66225.78375038166
24h,N2_expected_supply_temp,66225.78375149447
24h,N2_expected_return_temp,0.0
24h,N2_expected_delta_T,66225.7837525126
24h,V1_expected_supply_temp,66225.78373894647
24h,V1_expected_return_temp,0.0
24h,V1_expected_delta_T,66225.78373869002
24h,V2_expected_supply_temp,66225.78369066602
24h,V2_expected_return_temp,0.0
24h,V2_expected_delta_T,66225.78368613521
24h,V6_expected_supply_temp,66225.78375325572
24h,V6_expected_return_temp,0.0
24h,V6_expected_delta_T,66225.78375253065
24h,W1_expected_supply_temp,66225.78373894638
24h,W1_expected_return_temp,0.0
24h,W1_expected_delta_T,66225.78373869002
24h,ZN_expected_supply_temp,66225.78372600331
24h,ZN_expected_return_temp,0.0
24h,ZN_expected_delta_T,66225.78372420264
24h,hdd_18,95097.81791328947
24h,hdd_15_5,103291.90617180284
24h,temp_change,24.38179830137477
24h,is_daytime,167.11930584484176
24h,is_weekend,62.123592952068336
24h,demand_lag_12h,62553.03922668567
24h,demand_lag_24h,68973.12256165095
24h,demand_lag_48h,55830.55597846796
24h,demand_lag_72h,47964.874615626046
24h,demand_lag_96h,43097.28486618074
24h,demand_lag_120h,49422.06198409803
24h,demand_lag_144h,59636.40762305805
24h,demand_lag_168h,43225.86140610884
24h,demand_lag_169h,41352.9888249631
24h,demand_lag_170h,37743.52888243428
24h,demand_lag_171h,33609.60889327523
24h,demand_lag_172h,29920.425902665185
24h,demand_mean_24h,86069.73192861835
24h,demand_std_24h,21756.472037152977
24h,temp_mean_24h,67940.75279270225
24h,temp_std_24h,10435.986056494277
24h,demand_mean_48h,77018.15448115254
24h,demand_std_48h,33281.77945542275
24h,temp_mean_48h,64439.06852460644
24h,temp_std_48h,10577.81842359472
24h,demand_mean_72h,73474.80390759466
24h,demand_std_72h,41276.41199078738
24h,temp_mean_72h,61257.1454994445
24h,temp_std_72h,9829.108604331239
24h,demand_mean_96h,71012.267641532
24h,demand_std_96h,44720.307832310544
24h,temp_mean_96h,58771.62153072308
24h,temp_std_96h,8975.976777346763
24h,demand_mean_168h,75109.32740442947
24h,demand_std_168h,44361.632199418666
24h,temp_mean_168h,53651.367822602326
24h,temp_std_168h,7049.008084531273
24h,demand_mean_336h,66900.25478909728
24h,demand_std_336h,45256.97011073603
24h,temp_mean_336h,49955.022820622835
24h,temp_std_336h,4790.951019498798
24h,demand_mean_504h,61330.67572261839
24h,demand_std_504h,41534.85516249807
24h,temp_mean_504h,47633.73498367278
24h,temp_std_504h,5116.878059571641
24h,demand_velocity_24h,1413.0352005063346
24h,demand_velocity_48h,1439.1006555048755
24h,demand_velocity_72h,1803.132136016324
24h,demand_acceleration_72h,937.7316089620145
24h,demand_jerk_72h,839.2037185154023
24h,temp_trend_48h,545.4674826734905
24h,demand_trend_48h,1157.2957652469975
24h,temp_trend_72h,846.070568692729
24h,demand_trend_72h,1090.921879847831
24h,temp_trend_96h,1033.8712437544018
24h,demand_trend_96h,1118.2239421230083
24h,temp_trend_168h,1336.2404632877801
24h,demand_trend_168h,393.0524305943315
24h,hour_sin,225.17503183885938
24h,hour_cos,265.9476834997372
24h,dow_sin,337.9665550088309
24h,dow_cos,522.775144014711
24h,month_sin,6992.534210408139
24h,month_cos,32076.63372772798
24h,season_sin_1,1648.5015614666017
24h,season_cos_1,53648.633705820204
24h,season_sin_2,603.7605956156328
24h,season_cos_2,1202.094448863731
24h,season_sin_3,0.015055187289844963
24h,season_cos_3,17.520903628334988
24h,week_sin_1,630.7437090485693
24h,week_cos_1,164.82673193437103
24h,week_sin_2,41.90645478945737
24h,week_cos_2,260.81517823991953
24h,week_sin_3,29.25205216576059
24h,week_cos_3,6.088859319217588
24h,week_sin_4,24.0954521350612
24h,week_cos_4,0.0012720925074240458
24h,is_business_day,62.12359295206778
24h,is_friday,477.1077317615117
24h,is_sunday,208.84272709258502
24h,week_of_year,2006.063718032662
24h,day_of_month,86.13240054555291
24h,is_month_start,6.769569576838299
24h,is_month_middle,7.328928178591751
24h,is_month_end,4.438463384363345
24h,temp_change_6h,495.9910761205732
24h,temp_change_24h,381.3344130684179
24h,temp_change_72h,1095.937068654321
24h,hdd_trend_72h,1138.8466616708238
24h,hdd_acceleration_72h,174.75716018325767
24h,V1_temp_trend_72h,1164.5662386131378
24h,V1_temp_volatility_72h,20489.747358146677
24h,V1_temp_momentum_48h,946.4418093788539
24h,N1_temp_trend_72h,1164.5662386322351
24h,N1_temp_volatility_72h,20489.747358475448
24h,N1_temp_momentum_48h,946.441809525282
24h,B1_B2_temp_trend_72h,1164.566238623196
24h,B1_B2_temp_volatility_72h,20489.747364355084
24h,B1_B2_temp_momentum_48h,946.4418094063699
24h,W1_temp_trend_72h,1164.566238613137
24h,W1_temp_volatility_72h,20489.747358146713
24h,W1_temp_momentum_48h,946.4418093788539
24h,F1_Sud_temp_trend_72h,1164.566238623196
24h,F1_Sud_temp_volatility_72h,20489.747364355084
24h,F1_Sud_temp_momentum_48h,946.4418094063699
24h,temp_hdd_interaction,1633.3322951534362
24h,weekend_seasonal,418.62312383475785
24h,month_dow_interaction,56.7637860220979
24h,temp_seasonal_interaction,14324.004990511841
24h,demand_volatility_24h,20283.282986108516
24h,temp_volatility_24h,10435.986056494277
24h,demand_volatility_72h,21129.190185176816
24h,temp_volatility_72h,9829.108604331239
24h,demand_volatility_168h,29767.90449227939
24h,temp_volatility_168h,7049.0080845312905
48h,app_temp,60058.12208511319
48h,azimuth,29.363524609699343
48h,clouds,783.8834934267051
48h,dewpt,37294.526959516494
48h,dhi,4523.779843398649
48h,dni,4107.780930797455
48h,elev_angle,6873.04242952364
48h,ghi,5874.4630222794185
48h,precip,25.04344462654149
48h,pres,183.7065062558528
48h,rh,6092.618620329254
48h,slp,650.8834906791953
48h,snow,243.382697853185
48h,solar_rad,4470.468188576601
48h,temp,53863.38654115957
48h,uv,5495.711464373036
48h,vis,71.56592069823228
48h,wind_dir,28.560341975187562
48h,wind_gust_spd,114.66642311362588
48h,wind_spd,615.2053740147146
48h,month,1760.337597718805
48h,year,102.07393656629422
48h,hour,10.471984464413508
48h,day_of_week,0.38533078063646287
48h,season,14727.73981551033
48h,B1_B2_expected_supply_temp,46019.725292415234
48h,B1_B2_expected_return_temp,0.0
48h,B1_B2_expected_delta_T,46019.7252907956
48h,F1_Nord_expected_supply_temp,46019.7253015991
48h,F1_Nord_expected_return_temp,0.0
48h,F1_Nord_expected_delta_T,46019.725301660466
48h,F1_Sud_expected_supply_temp,46019.725292415234
48h,F1_Sud_expected_return_temp,0.0
48h,F1_Sud_expected_delta_T,46019.72529079579
48h,Maintal_expected_supply_temp,0.0
48h,Maintal_expected_return_temp,0.0
48h,Maintal_expected_delta_T,0.0
48h,N1_expected_supply_temp,46019.72530715541
48h,N1_expected_return_temp,0.0
48h,N1_expected_delta_T,46019.725307072316
48h,N2_expected_supply_temp,46019.72530815905
48h,N2_expected_return_temp,0.0
48h,N2_expected_delta_T,46019.7253087283
48h,V1_expected_supply_temp,46019.7253015991
48h,V1_expected_return_temp,0.0
48h,V1_expected_delta_T,46019.725301660466
48h,V2_expected_supply_temp,46019.725270915485
48h,V2_expected_return_temp,0.0
48h,V2_expected_delta_T,46019.72526840056
48h,V6_expected_supply_temp,46019.72530913953
48h,V6_expected_return_temp,0.0
48h,V6_expected_delta_T,46019.725308737674
48h,W1_expected_supply_temp,46019.72530159873
48h,W1_expected_return_temp,0.0
48h,W1_expected_delta_T,46019.725301660466
48h,ZN_expected_supply_temp,46019.725292415234
48h,ZN_expected_return_temp,0.0
48h,ZN_expected_delta_T,46019.7252907956
48h,hdd_18,68677.6364905463
48h,hdd_15_5,72186.30509847838
48h,temp_change,18.925898815659632
48h,is_daytime,167.26257197337205
48h,is_weekend,425.73192309579775
48h,demand_lag_12h,44830.74309647584
48h,demand_lag_24h,55773.0532162646
48h,demand_lag_48h,47927.713202630934
48h,demand_lag_72h,43071.12461345932
48h,demand_lag_96h,49359.15624863361
48h,demand_lag_120h,59561.69075157976
48h,demand_lag_144h,43225.445347294975
48h,demand_lag_168h,33591.76200086278
48h,demand_lag_169h,32474.428797402536
48h,demand_lag_170h,30062.940490447018
48h,demand_lag_171h,27194.581317253083
48h,demand_lag_172h,24585.826258576082
48h,demand_mean_24h,56559.74457897644
48h,demand_std_24h,19905.72397952218
48h,temp_mean_24h,53929.651635261034
48h,temp_std_24h,10675.152696106063
48h,demand_mean_48h,56657.837000936706
48h,demand_std_48h,30231.30946837656
48h,temp_mean_48h,52067.487162103665
48h,temp_std_48h,10645.032164042721
48h,demand_mean_72h,56971.61182964539
48h,demand_std_72h,36443.78585659326
48h,temp_mean_72h,50784.237303231595
48h,temp_std_72h,9908.956305001399
48h,demand_mean_96h,58566.51933775323
48h,demand_std_96h,36737.20512447067
48h,temp_mean_96h,49756.98844630153
48h,temp_std_96h,9272.203663289418
48h,demand_mean_168h,64611.31639090986
48h,demand_std_168h,39244.380275576026
48h,temp_mean_168h,47878.141094564584
48h,temp_std_168h,7219.841085377782
48h,demand_mean_336h,60972.24171336728
48h,demand_std_336h,41826.85981649632
48h,temp_mean_336h,46559.62224675415
48h,temp_std_336h,5031.350600436558
48h,demand_mean_504h,56926.13521376103
48h,demand_std_504h,38677.72748358931
48h,temp_mean_504h,45074.5977481862
48h,temp_std_504h,5393.545369083358
48h,demand_velocity_24h,177.1961933391317
48h,demand_velocity_48h,305.2086397673537
48h,demand_velocity_72h,455.3118177631722
48h,demand_acceleration_72h,160.37960819566842
48h,demand_jerk_72h,131.60047806421244
48h,temp_trend_48h,408.3109684407899
48h,demand_trend_48h,282.50263089491506
48h,temp_trend_72h,534.7942247250261
48h,demand_trend_72h,338.12360538939805
48h,temp_trend_96h,629.6843630983211
48h,demand_trend_96h,238.46056293983463
48h,temp_trend_168h,679.5310543717718
48h,demand_trend_168h,163.2622500080292
48h,hour_sin,225.15708441514727
48h,hour_cos,266.09077045708307
48h,dow_sin,41.156656424176006
48h,dow_cos,834.8444694277641
48h,month_sin,6488.976665311132
48h,month_cos,32985.03189919357
48h,season_sin_1,1435.9399836770942
48h,season_cos_1,54767.21066074266
48h,season_sin_2,543.0707002253426
48h,season_cos_2,1255.9977413965062
48h,season_sin_3,0.053347294859553855
48h,season_cos_3,17.94766954657143
48h,week_sin_1,30.440263795003702
48h,week_cos_1,777.137164744989
48h,week_sin_2,203.89088163889107
48h,week_cos_2,100.41931237637635
48h,week_sin_3,35.17776148698916
48h,week_cos_3,0.0007782867562513071
48h,week_sin_4,19.55608961246192
48h,week_cos_4,4.37095207886789
48h,is_business_day,425.73192309579883
48h,is_friday,611.7478519363425
48h,is_sunday,145.38857218851265
48h,week_of_year,1792.9425850744024
48h,day_of_month,89.84392034319194
48h,is_month_start,19.18248588317126
48h,is_month_middle,22.711866992423367
48h,is_month_end,8.172954738868432
48h,temp_change_6h,431.95510303603004
48h,temp_change_24h,266.51366636666535
48h,temp_change_72h,628.199501815212
48h,hdd_trend_72h,737.5969544255347
48h,hdd_acceleration_72h,125.19967511201291
48h,V1_temp_trend_72h,801.2488628544423
48h,V1_temp_volatility_72h,17825.066803702615
48h,V1_temp_momentum_48h,730.2551594690071
48h,N1_temp_trend_72h,801.2488627711128
48h,N1_temp_volatility_72h,17825.066803368598
48h,N1_temp_momentum_48h,730.2551594046089
48h,B1_B2_temp_trend_72h,801.2488628565003
48h,B1_B2_temp_volatility_72h,17825.066808316617
48h,B1_B2_temp_momentum_48h,730.2551594483634
48h,W1_temp_trend_72h,801.2488628544426
48h,W1_temp_volatility_72h,17825.066803702633
48h,W1_temp_momentum_48h,730.2551594690071
48h,F1_Sud_temp_trend_72h,801.2488628565003
48h,F1_Sud_temp_volatility_72h,17825.066808316617
48h,F1_Sud_temp_momentum_48h,730.2551594483634
48h,temp_hdd_interaction,905.521096086027
48h,weekend_seasonal,764.2840062092798
48h,month_dow_interaction,40.22956656058246
48h,temp_seasonal_interaction,15454.270092338533
48h,demand_volatility_24h,17377.171432783558
48h,temp_volatility_24h,10675.152696106063
48h,demand_volatility_72h,19382.86386861914
48h,temp_volatility_72h,9908.956305001399
48h,demand_volatility_168h,29108.86352258868
48h,temp_volatility_168h,7219.841085377782
72h,app_temp,49210.01192405511
72h,azimuth,28.85657896972701
72h,clouds,1027.0455836079466
72h,dewpt,29788.132799973828
72h,dhi,4581.475645159566
72h,dni,4160.6465581923985
72h,elev_angle,6976.114967352649
72h,ghi,5943.738609277548
72h,precip,12.44073700452145
72h,pres,106.08384022833131
72h,rh,6323.920058306493
72h,slp,476.2693465971318
72h,snow,213.4453888070393
72h,solar_rad,4560.434720936551
72h,temp,44483.81266977141
72h,uv,5570.168575614528
72h,vis,46.09286525387394
72h,wind_dir,6.961533245402026
72h,wind_gust_spd,207.40344921166127
72h,wind_spd,822.2293099060203
72h,month,1589.896828748747
72h,year,96.4681933728075
72h,hour,10.585691743049017
72h,day_of_week,113.72028281853775
72h,season,13830.65917813054
72h,B1_B2_expected_supply_temp,33938.46212363811
72h,B1_B2_expected_return_temp,0.0
72h,B1_B2_expected_delta_T,33938.462122238234
72h,F1_Nord_expected_supply_temp,33938.46213024123
72h,F1_Nord_expected_return_temp,0.0
72h,F1_Nord_expected_delta_T,33938.46213098571
72h,F1_Sud_expected_supply_temp,33938.46212363811
72h,F1_Sud_expected_return_temp,0.0
72h,F1_Sud_expected_delta_T,33938.46212223839
72h,Maintal_expected_supply_temp,0.0
72h,Maintal_expected_return_temp,0.0
72h,Maintal_expected_delta_T,0.0
72h,N1_expected_supply_temp,33938.462134611196
72h,N1_expected_return_temp,0.0
72h,N1_expected_delta_T,33938.462134559784
72h,N2_expected_supply_temp,33938.462135193135
72h,N2_expected_return_temp,0.0
72h,N2_expected_delta_T,33938.46213555658
72h,V1_expected_supply_temp,33938.46213024123
72h,V1_expected_return_temp,0.0
72h,V1_expected_delta_T,33938.46213098571
72h,V2_expected_supply_temp,33938.46210700929
72h,V2_expected_return_temp,0.0
72h,V2_expected_delta_T,33938.4621053984
72h,V6_expected_supply_temp,33938.46213581778
72h,V6_expected_return_temp,0.0
72h,V6_expected_delta_T,33938.4621355622
72h,W1_expected_supply_temp,33938.462130241285
72h,W1_expected_return_temp,0.0
72h,W1_expected_delta_T,33938.46213098571
72h,ZN_expected_supply_temp,33938.46212363811
72h,ZN_expected_return_temp,0.0
72h,ZN_expected_delta_T,33938.462122238234
72h,hdd_18,53940.65664202973
72h,hdd_15_5,55284.38954127055
72h,temp_change,16.4375066674521
72h,is_daytime,167.49536097461058
72h,is_weekend,274.48410228794376
72h,demand_lag_12h,38583.16825323955
72h,demand_lag_24h,47874.13856313688
72h,demand_lag_48h,43025.89548168559
72h,demand_lag_72h,49324.29579241391
72h,demand_lag_96h,59485.74989376347
72h,demand_lag_120h,43165.51301597461
72h,demand_lag_144h,33571.62692605535
72h,demand_lag_168h,32911.831655917755
72h,demand_lag_169h,31796.480569244653
72h,demand_lag_170h,29450.695339204824
72h,demand_lag_171h,26665.223329254426
72h,demand_lag_172h,24143.401541745687
72h,demand_mean_24h,47462.326475973416
72h,demand_std_24h,17614.970131941678
72h,temp_mean_24h,44911.37786995043
72h,temp_std_24h,10863.0692490554
72h,demand_mean_48h,48506.22495705954
72h,demand_std_48h,26949.76075429309
72h,temp_mean_48h,44514.87989523036
72h,temp_std_48h,10726.816383103464
72h,demand_mean_72h,51232.24621341776
72h,demand_std_72h,29423.35092207602
72h,temp_mean_72h,44226.6666156155
72h,temp_std_72h,10249.771189048059
72h,demand_mean_96h,56352.66604656685
72h,demand_std_96h,29657.07424074195
72h,temp_mean_96h,43860.9058959622
72h,temp_std_96h,9697.60519985834
72h,demand_mean_168h,58010.53776677597
72h,demand_std_168h,35882.99693849707
72h,temp_mean_168h,44179.20725040519
72h,temp_std_168h,7337.047155936353
72h,demand_mean_336h,56696.7567803361
72h,demand_std_336h,38902.151141404
72h,temp_mean_336h,44167.99438835076
72h,temp_std_336h,5274.98537850932
72h,demand_mean_504h,53483.35724018293
72h,demand_std_504h,36221.99194750378
72h,temp_mean_504h,43095.69574785
72h,temp_std_504h,5658.155475542559
72h,demand_velocity_24h,105.75327683784295
72h,demand_velocity_48h,173.8667663266074
72h,demand_velocity_72h,30.069678542538995
72h,demand_acceleration_72h,63.08372292950826
72h,demand_jerk_72h,94.32086466178744
72h,temp_trend_48h,227.98102310675637
72h,demand_trend_48h,163.9249144539991
72h,temp_trend_72h,303.5618304228754
72h,demand_trend_72h,62.4301640671276
72h,temp_trend_96h,376.2971472347219
72h,demand_trend_96h,1.258637899211639
72h,temp_trend_168h,295.5183863446308
72h,demand_trend_168h,248.74629046554287
72h,hour_sin,225.40345265554524
72h,hour_cos,266.4561971998588
72h,dow_sin,710.6318264137011
72h,dow_cos,168.13644249035875
72h,month_sin,6003.329816908747
72h,month_cos,34079.52960702349
72h,season_sin_1,1238.7551821684228
72h,season_cos_1,55829.44699470555
72h,season_sin_2,484.46042459199606
72h,season_cos_2,1307.4908380932914
72h,season_sin_3,0.11302427434158492
72h,season_cos_3,18.35251480431599
72h,week_sin_1,332.01133221389824
72h,week_cos_1,475.0604377168997
72h,week_sin_2,167.87469263685833
72h,week_cos_2,139.38811452348813
72h,week_sin_3,28.45156379301521
72h,week_cos_3,7.298526419259335
72h,week_sin_4,9.466748020945898
72h,week_cos_4,15.076811251906262
72h,is_business_day,274.48410228794296
72h,is_friday,211.09815411170345
72h,is_sunday,85.41246540734485
72h,week_of_year,1609.313661762569
72h,day_of_month,72.44428870198878
72h,is_month_start,25.373398531669324
72h,is_month_middle,31.271897612465278
72h,is_month_end,4.029462876300864
72h,temp_change_6h,392.16624903215535
72h,temp_change_24h,175.68714391313122
72h,temp_change_72h,371.7506914665415
72h,hdd_trend_72h,410.7271647253411
72h,hdd_acceleration_72h,122.77964287198013
72h,V1_temp_trend_72h,514.5632752787384
72h,V1_temp_volatility_72h,15831.86932515064
72h,V1_temp_momentum_48h,408.2708596524691
72h,N1_temp_trend_72h,514.5632752642967
72h,N1_temp_volatility_72h,15831.869323983667
72h,N1_temp_momentum_48h,408.27085962954584
72h,B1_B2_temp_trend_72h,514.5632753530473
72h,B1_B2_temp_volatility_72h,15831.869328421206
72h,B1_B2_temp_momentum_48h,408.2708597052926
72h,W1_temp_trend_72h,514.5632752787385
72h,W1_temp_volatility_72h,15831.869325150674
72h,W1_temp_momentum_48h,408.2708596524691
72h,F1_Sud_temp_trend_72h,514.5632753530473
72h,F1_Sud_temp_volatility_72h,15831.869328421206
72h,F1_Sud_temp_momentum_48h,408.2708597052926
72h,temp_hdd_interaction,365.6744993075547
72h,weekend_seasonal,572.9553474225465
72h,month_dow_interaction,234.71843367849874
72h,temp_seasonal_interaction,16860.816519679352
72h,demand_volatility_24h,16398.59660313288
72h,temp_volatility_24h,10863.0692490554
72h,demand_volatility_72h,19922.754831877897
72h,temp_volatility_72h,10249.771189048059
72h,demand_volatility_168h,28576.413516267585
72h,temp_volatility_168h,7337.04715593635
